{
  "intents": [{
      "tag": "greeting",
      "patterns": ["Hi", "How are you", "Is anyone there?", "Hello", "Good day", "Whats up", "Hey", "greetings"],
      "responses": ["Hello!", "Good to see you!", "Hi there, How can I help?"],
      "context_set": ""
    },
    {
      "tag": "stocks",
      "patterns": ["what stocks do I own?", "how are my shares?", "what companies am I investing in?", "what am I doing in the markets?"],
      "responses": ["You own the following shares: ABBV, AAPL, FB, NVDA and an ETF of the S&P 500 Index!"],
      "context_set": ""
    },
    {
      "tag": "todoshow",
      "patterns": ["Show me my todo list", "What is on my todo list", "Show me my todos"],
      "responses": ["Showing TODO list"],
      "context_set": ""
    },
    {
      "tag": "todoadd",
      "patterns": ["Add to my todo list", "Update todo list", "Modify my todos"],
      "responses": ["Showing TODO list"],
      "context_set": ""
    },
    {
      "tag": "todoremove",
      "patterns": ["Remove something from my todo list", "Remove an item from my todo list", "I wabt to remve a todo"],
      "responses": ["Showing TODO list"],
      "context_set": ""
    },
    {
      "tag": "goodbye",
      "patterns": ["cya", "See you later", "Goodbye", "I am Leaving", "Have a Good day", "bye", "cao", "see ya"],
      "responses": ["Sad to see you go :(", "Talk to you later", "Goodbye!"],
      "context_set": ""
    }
  ]
}